re_nu,im_nu,abs_rho,arg_rho
7.254020419067e-09,2.227783385211e-17,1.000000008151e+00,2.503127399113e-17
-4.617824526209e-02,-3.973169056175e-03,9.494374109242e-01,-4.464234894579e-03
-4.617824526209e-02,3.973169056175e-03,9.494374109242e-01,4.464234894579e-03
-4.620247335944e-02,-1.192035215457e-02,9.494115651389e-01,-1.339365410626e-02
-4.620247335944e-02,1.192035215457e-02,9.494115651389e-01,1.339365410626e-02
-4.627131781229e-02,1.986971894955e-02,9.493381278447e-01,2.232552690961e-02
-4.627131781229e-02,-1.986971894955e-02,9.493381278447e-01,-2.232552690961e-02
-4.642423397637e-02,-2.782273909756e-02,9.491750304577e-01,-3.126150460400e-02
-4.642423397637e-02,2.782273909756e-02,9.491750304577e-01,3.126150460400e-02
-4.672838762694e-02,3.578387184075e-02,9.488507094172e-01,4.020659757387e-02
-4.672838762694e-02,-3.578387184075e-02,9.488507094172e-01,-4.020659757387e-02
-4.733363684144e-02,4.376927061818e-02,9.482056578263e-01,4.917895575076e-02
-4.733363684144e-02,-4.376927061818e-02,9.482056578263e-01,-4.917895575076e-02
-4.772151672239e-02,-7.083340736689e-02,9.477925007878e-01,-7.958809816504e-02
-4.772151672239e-02,7.083340736689e-02,9.477925007878e-01,7.958809816504e-02
-4.812277034580e-02,6.280699366760e-02,9.473652879133e-01,7.056965580630e-02
-4.812277034580e-02,-6.280699366760e-02,9.473652879133e-01,-7.056965580630e-02
-4.916253660656e-02,5.187605334177e-02,9.462591493871e-01,5.828770038402e-02
-4.916253660656e-02,-5.187605334177e-02,9.462591493871e-01,-5.828770038402e-02
-5.000000000000e-02,5.649551379933e-02,9.453691666052e-01,6.347810539251e-02
-5.000000000000e-02,-5.649551379933e-02,9.453691666052e-01,-6.347810539251e-02
-5.083746339345e-02,5.187605334178e-02,9.444800208767e-01,5.828770038402e-02
-5.083746339345e-02,-5.187605334178e-02,9.444800208767e-01,-5.828770038402e-02
-5.187722965420e-02,-6.280699366760e-02,9.433772511725e-01,-7.056965580630e-02
-5.187722965420e-02,6.280699366760e-02,9.433772511725e-01,7.056965580630e-02
-5.227848327761e-02,-7.083340736689e-02,9.429520284503e-01,-7.958809816504e-02
-5.227848327761e-02,7.083340736689e-02,9.429520284503e-01,7.958809816504e-02
-5.266636315856e-02,4.376927061818e-02,9.425411605502e-01,4.917895575076e-02
-5.266636315856e-02,-4.376927061818e-02,9.425411605502e-01,-4.917895575076e-02
-5.327161237306e-02,3.578387184075e-02,9.419003983428e-01,4.020659757388e-02
-5.327161237306e-02,-3.578387184075e-02,9.419003983428e-01,-4.020659757388e-02
-5.357576602363e-02,2.782273909756e-02,9.415785629516e-01,3.126150460400e-02
-5.357576602363e-02,-2.782273909756e-02,9.415785629516e-01,-3.126150460400e-02
-5.372868218772e-02,-1.986971894955e-02,9.414167986668e-01,-2.232552690961e-02
-5.372868218772e-02,1.986971894955e-02,9.414167986668e-01,2.232552690961e-02
-5.379752664057e-02,1.192035215458e-02,9.413439797704e-01,1.339365410627e-02
-5.379752664057e-02,-1.192035215458e-02,9.413439797704e-01,-1.339365410627e-02
-5.382175473791e-02,-3.973169056176e-03,9.413183543062e-01,-4.464234894579e-03
-5.382175473791e-02,3.973169056176e-03,9.413183543062e-01,4.464234894579e-03
-1.000000072540e-01,-1.036038647566e-16,8.937228538835e-01,-1.164088368052e-16
